ADM2_CODE,ADM1_CODE,ADM0_CODE,ADM0_NAME,year,pop,lsib_fips_country_co,lsib_wld_rgn
4111,338,3,Albania,2015,90746,AL,Europe
4111,338,3,Albania,2016,26529,AL,Europe
4111,338,3,Albania,2017,33524,AL,Europe
4111,338,3,Albania,2018,11741,AL,Europe
4111,338,3,Albania,2019,0,AL,Europe
4111,338,3,Albania,2020,0,AL,Europe
4111,338,3,Albania,2021,19775,AL,Europe
4111,338,3,Albania,2022,0,AL,Europe
37708,343,4,Algeria,2015,0,AG,Africa
37708,343,4,Algeria,2016,0,AG,Africa
37708,343,4,Algeria,2017,0,AG,Africa
37708,343,4,Algeria,2018,7060,AG,Africa
37708,343,4,Algeria,2019,0,AG,Africa
37708,343,4,Algeria,2020,1,AG,Africa
37708,343,4,Algeria,2021,235619,AG,Africa
37708,343,4,Algeria,2022,0,AG,Africa
4210,398,8,Angola,2015,0,AO,Africa
4210,398,8,Angola,2016,0,AO,Africa
4210,398,8,Angola,2017,17066,AO,Africa
4210,398,8,Angola,2018,4040,AO,Africa
4210,398,8,Angola,2019,30480,AO,Africa
4210,398,8,Angola,2020,5822,AO,Africa
4210,398,8,Angola,2021,28387,AO,Africa
4210,398,8,Angola,2022,0,AO,Africa
4713,441,12,Argentina,2015,0,AR,South America
4713,441,12,Argentina,2016,80095,AR,South America
4713,441,12,Argentina,2017,440629,AR,South America
4713,441,12,Argentina,2018,36445,AR,South America
4713,441,12,Argentina,2019,115054,AR,South America
4713,441,12,Argentina,2020,128089,AR,South America
4713,441,12,Argentina,2021,109,AR,South America
4713,441,12,Argentina,2022,0,AR,South America
70045,70036,15,Arunachal Pradesh,2015,11,IN30,S Asia
70045,70036,15,Arunachal Pradesh,2016,0,IN30,S Asia
70045,70036,15,Arunachal Pradesh,2017,229,IN30,S Asia
70045,70036,15,Arunachal Pradesh,2018,80,IN30,S Asia
70045,70036,15,Arunachal Pradesh,2019,295,IN30,S Asia
70045,70036,15,Arunachal Pradesh,2020,12,IN30,S Asia
70045,70036,15,Arunachal Pradesh,2021,0,IN30,S Asia
70045,70036,15,Arunachal Pradesh,2022,73,IN30,S Asia
5126,471,17,Australia,2015,0,AS,Australia
5126,471,17,Australia,2016,0,AS,Australia
5126,471,17,Australia,2017,0,AS,Australia
5126,471,17,Australia,2018,0,AS,Australia
5126,471,17,Australia,2019,0,AS,Australia
5126,471,17,Australia,2020,0,AS,Australia
5126,471,17,Australia,2021,50,AS,Australia
5126,471,17,Australia,2022,0,AS,Australia
499,147305,19,Azerbaijan,2015,0,AJ,SW Asia
499,147305,19,Azerbaijan,2016,0,AJ,SW Asia
499,147305,19,Azerbaijan,2017,8,AJ,SW Asia
499,147305,19,Azerbaijan,2018,0,AJ,SW Asia
499,147305,19,Azerbaijan,2019,16,AJ,SW Asia
499,147305,19,Azerbaijan,2020,0,AJ,SW Asia
499,147305,19,Azerbaijan,2021,3,AJ,SW Asia
499,147305,19,Azerbaijan,2022,0,AJ,SW Asia
5817,61362,23,Bangladesh,2015,441883,BG,S Asia
5817,61362,23,Bangladesh,2016,7798529,BG,S Asia
5817,61362,23,Bangladesh,2017,32658030,BG,S Asia
5817,61362,23,Bangladesh,2018,736450,BG,S Asia
5817,61362,23,Bangladesh,2019,27156,BG,S Asia
5817,61362,23,Bangladesh,2020,32081019,BG,S Asia
5817,61362,23,Bangladesh,2021,704056,BG,S Asia
5817,61362,23,Bangladesh,2022,2135,BG,S Asia
40007,599,26,Belarus,2015,0,BO,Europe
40007,599,26,Belarus,2016,0,BO,Europe
40007,599,26,Belarus,2017,0,BO,Europe
40007,599,26,Belarus,2018,316964,BO,Europe
40007,599,26,Belarus,2019,0,BO,Europe
40007,599,26,Belarus,2020,0,BO,Europe
40007,599,26,Belarus,2021,0,BO,Europe
40007,599,26,Belarus,2022,0,BO,Europe
5851,602,27,Belgium,2015,0,BE,Europe
5851,602,27,Belgium,2016,9690,BE,Europe
5851,602,27,Belgium,2017,0,BE,Europe
5851,602,27,Belgium,2018,0,BE,Europe
5851,602,27,Belgium,2019,0,BE,Europe
5851,602,27,Belgium,2020,0,BE,Europe
5851,602,27,Belgium,2021,160786,BE,Europe
5851,602,27,Belgium,2022,0,BE,Europe
5860,608,28,Belize,2015,0,BH,Central America
5860,608,28,Belize,2016,0,BH,Central America
5860,608,28,Belize,2017,0,BH,Central America
5860,608,28,Belize,2018,0,BH,Central America
5860,608,28,Belize,2019,0,BH,Central America
5860,608,28,Belize,2020,0,BH,Central America
5860,608,28,Belize,2021,5,BH,Central America
5860,608,28,Belize,2022,0,BH,Central America
5882,611,29,Benin,2015,0,BN,Africa
5882,611,29,Benin,2016,0,BN,Africa
5882,611,29,Benin,2017,20,BN,Africa
5882,611,29,Benin,2018,1,BN,Africa
5882,611,29,Benin,2019,15,BN,Africa
5882,611,29,Benin,2020,272,BN,Africa
5882,611,29,Benin,2021,110158,BN,Africa
5882,611,29,Benin,2022,0,BN,Africa
6043,41312,31,Bhutan,2015,0,BT,S Asia
6043,41312,31,Bhutan,2016,1,BT,S Asia
6043,41312,31,Bhutan,2017,66,BT,S Asia
6043,41312,31,Bhutan,2018,6,BT,S Asia
6043,41312,31,Bhutan,2019,381,BT,S Asia
6043,41312,31,Bhutan,2020,0,BT,S Asia
6043,41312,31,Bhutan,2021,95,BT,S Asia
6043,41312,31,Bhutan,2022,4,BT,S Asia
6143,40443,33,Bolivia,2015,0,BL,South America
6143,40443,33,Bolivia,2016,0,BL,South America
6143,40443,33,Bolivia,2017,0,BL,South America
6143,40443,33,Bolivia,2018,3064,BL,South America
6143,40443,33,Bolivia,2019,49273,BL,South America
6143,40443,33,Bolivia,2020,162676,BL,South America
6143,40443,33,Bolivia,2021,69123,BL,South America
6143,40443,33,Bolivia,2022,0,BL,South America
6321,653,34,Bosnia and Herzegovina,2015,279,BK,Europe
6321,653,34,Bosnia and Herzegovina,2016,0,BK,Europe
6321,653,34,Bosnia and Herzegovina,2017,0,BK,Europe
6321,653,34,Bosnia and Herzegovina,2018,0,BK,Europe
6321,653,34,Bosnia and Herzegovina,2019,13140,BK,Europe
6321,653,34,Bosnia and Herzegovina,2020,0,BK,Europe
6321,653,34,Bosnia and Herzegovina,2021,3950,BK,Europe
6321,653,34,Bosnia and Herzegovina,2022,0,BK,Europe
6322,654,35,Botswana,2015,0,BC,Africa
6322,654,35,Botswana,2016,0,BC,Africa
6322,654,35,Botswana,2017,66,BC,Africa
6322,654,35,Botswana,2018,61,BC,Africa
6322,654,35,Botswana,2019,0,BC,Africa
6322,654,35,Botswana,2020,0,BC,Africa
6322,654,35,Botswana,2021,6,BC,Africa
6322,654,35,Botswana,2022,0,BC,Africa
10403,685,37,Brazil,2015,89199,BR,South America
10403,685,37,Brazil,2016,3222,BR,South America
10403,685,37,Brazil,2017,18702,BR,South America
10403,685,37,Brazil,2018,2868,BR,South America
10403,685,37,Brazil,2019,100205,BR,South America
10403,685,37,Brazil,2020,245825,BR,South America
10403,685,37,Brazil,2021,110206,BR,South America
10403,685,37,Brazil,2022,21360,BR,South America
11981,715,41,Bulgaria,2015,6038,BU,Europe
11981,715,41,Bulgaria,2016,0,BU,Europe
11981,715,41,Bulgaria,2017,0,BU,Europe
11981,715,41,Bulgaria,2018,111473,BU,Europe
11981,715,41,Bulgaria,2019,0,BU,Europe
11981,715,41,Bulgaria,2020,0,BU,Europe
11981,715,41,Bulgaria,2021,4779,BU,Europe
11981,715,41,Bulgaria,2022,0,BU,Europe
154449,40277,42,Burkina Faso,2015,8930,UV,Africa
154449,40277,42,Burkina Faso,2016,63772,UV,Africa
154449,40277,42,Burkina Faso,2017,9,UV,Africa
154449,40277,42,Burkina Faso,2018,3,UV,Africa
154449,40277,42,Burkina Faso,2019,9,UV,Africa
154449,40277,42,Burkina Faso,2020,18973,UV,Africa
154449,40277,42,Burkina Faso,2021,0,UV,Africa
154449,40277,42,Burkina Faso,2022,0,UV,Africa
40567,40543,43,Burundi,2015,0,BY,Africa
40567,40543,43,Burundi,2016,0,BY,Africa
40567,40543,43,Burundi,2017,0,BY,Africa
40567,40543,43,Burundi,2018,3797,BY,Africa
40567,40543,43,Burundi,2019,4511,BY,Africa
40567,40543,43,Burundi,2020,11557,BY,Africa
40567,40543,43,Burundi,2021,16872,BY,Africa
40567,40543,43,Burundi,2022,0,BY,Africa
12277,791,44,Cambodia,2015,6,CB,SE Asia
12277,791,44,Cambodia,2016,0,CB,SE Asia
12277,791,44,Cambodia,2017,0,CB,SE Asia
12277,791,44,Cambodia,2018,128377,CB,SE Asia
12277,791,44,Cambodia,2019,518027,CB,SE Asia
12277,791,44,Cambodia,2020,0,CB,SE Asia
12277,791,44,Cambodia,2021,139453,CB,SE Asia
12277,791,44,Cambodia,2022,0,CB,SE Asia
12463,815,45,Cameroon,2015,875,CM,Africa
12463,815,45,Cameroon,2016,0,CM,Africa
12463,815,45,Cameroon,2017,21,CM,Africa
12463,815,45,Cameroon,2018,0,CM,Africa
12463,815,45,Cameroon,2019,544,CM,Africa
12463,815,45,Cameroon,2020,3776,CM,Africa
12463,815,45,Cameroon,2021,402,CM,Africa
12463,815,45,Cameroon,2022,0,CM,Africa
12634,831,46,Canada,2015,0,CA,North America
12634,831,46,Canada,2016,0,CA,North America
12634,831,46,Canada,2017,333087,CA,North America
12634,831,46,Canada,2018,0,CA,North America
12634,831,46,Canada,2019,19784,CA,North America
12634,831,46,Canada,2020,52168,CA,North America
12634,831,46,Canada,2021,58784,CA,North America
12634,831,46,Canada,2022,0,CA,North America
12892,865,49,Central African Republic,2015,0,CT,Africa
12892,865,49,Central African Republic,2016,0,CT,Africa
12892,865,49,Central African Republic,2017,50,CT,Africa
12892,865,49,Central African Republic,2018,0,CT,Africa
12892,865,49,Central African Republic,2019,1,CT,Africa
12892,865,49,Central African Republic,2020,16,CT,Africa
12892,865,49,Central African Republic,2021,99,CT,Africa
12892,865,49,Central African Republic,2022,0,CT,Africa
65397,12920,50,Chad,2015,0,CD,Africa
65397,12920,50,Chad,2016,0,CD,Africa
65397,12920,50,Chad,2017,32,CD,Africa
65397,12920,50,Chad,2018,0,CD,Africa
65397,12920,50,Chad,2019,0,CD,Africa
65397,12920,50,Chad,2020,432374,CD,Africa
65397,12920,50,Chad,2021,37778,CD,Africa
65397,12920,50,Chad,2022,0,CD,Africa
12952,889,51,Chile,2015,2812,CI,South America
12952,889,51,Chile,2016,0,CI,South America
12952,889,51,Chile,2017,66438,CI,South America
12952,889,51,Chile,2018,0,CI,South America
12952,889,51,Chile,2019,67527,CI,South America
12952,889,51,Chile,2020,3,CI,South America
12952,889,51,Chile,2021,77118,CI,South America
12952,889,51,Chile,2022,0,CI,South America
13122,911,147295,China,2015,24133290,CH,E Asia
13122,911,147295,China,2016,23810392,CH,E Asia
13122,911,147295,China,2017,30012802,CH,E Asia
13122,911,147295,China,2018,72073622,CH,E Asia
13122,911,147295,China,2019,15749751,CH,E Asia
13122,911,147295,China,2020,38677186,CH,E Asia
13122,911,147295,China,2021,8611349,CH,E Asia
13122,911,147295,China,2022,1,CH,E Asia
14348,963,57,Colombia,2015,0,CO,South America
14348,963,57,Colombia,2016,0,CO,South America
14348,963,57,Colombia,2017,20738,CO,South America
14348,963,57,Colombia,2018,318142,CO,South America
14348,963,57,Colombia,2019,94514,CO,South America
14348,963,57,Colombia,2020,100093,CO,South America
14348,963,57,Colombia,2021,1366105,CO,South America
14348,963,57,Colombia,2022,57681,CO,South America
190457,971,59,Congo,2015,0,CF,Africa
190457,971,59,Congo,2016,0,CF,Africa
190457,971,59,Congo,2017,0,CF,Africa
190457,971,59,Congo,2018,0,CF,Africa
190457,971,59,Congo,2019,25988,CF,Africa
190457,971,59,Congo,2020,1434,CF,Africa
190457,971,59,Congo,2021,20852,CF,Africa
190457,971,59,Congo,2022,0,CF,Africa
14549,987,61,Costa Rica,2015,0,CS,Central America
14549,987,61,Costa Rica,2016,0,CS,Central America
14549,987,61,Costa Rica,2017,0,CS,Central America
14549,987,61,Costa Rica,2018,4707,CS,Central America
14549,987,61,Costa Rica,2019,0,CS,Central America
14549,987,61,Costa Rica,2020,0,CS,Central America
14549,987,61,Costa Rica,2021,5025,CS,Central America
14549,987,61,Costa Rica,2022,0,CS,Central America
14564,1001,62,Croatia,2015,308,HR,Europe
14564,1001,62,Croatia,2016,0,HR,Europe
14564,1001,62,Croatia,2017,0,HR,Europe
14564,1001,62,Croatia,2018,1246,HR,Europe
14564,1001,62,Croatia,2019,16783,HR,Europe
14564,1001,62,Croatia,2020,0,HR,Europe
14564,1001,62,Croatia,2021,0,HR,Europe
14564,1001,62,Croatia,2022,0,HR,Europe
14770,1020,63,Cuba,2015,0,CU,Caribbean
14770,1020,63,Cuba,2016,0,CU,Caribbean
14770,1020,63,Cuba,2017,0,CU,Caribbean
14770,1020,63,Cuba,2018,0,CU,Caribbean
14770,1020,63,Cuba,2019,0,CU,Caribbean
14770,1020,63,Cuba,2020,0,CU,Caribbean
14770,1020,63,Cuba,2021,0,CU,Caribbean
14770,1020,63,Cuba,2022,12992,CU,Caribbean
16863,16842,66,C?te d'Ivoire,2015,4100,IV,
16863,16842,66,C?te d'Ivoire,2016,1443,IV,
16863,16842,66,C?te d'Ivoire,2017,31741,IV,
16863,16842,66,C?te d'Ivoire,2018,1873,IV,
16863,16842,66,C?te d'Ivoire,2019,10764,IV,
16863,16842,66,C?te d'Ivoire,2020,8628,IV,
16863,16842,66,C?te d'Ivoire,2021,0,IV,
16863,16842,66,C?te d'Ivoire,2022,0,IV,
39587,1063,67,Dem People's Rep of Korea,2015,218,KN,
39587,1063,67,Dem People's Rep of Korea,2016,2,KN,
39587,1063,67,Dem People's Rep of Korea,2017,32,KN,
39587,1063,67,Dem People's Rep of Korea,2018,98143,KN,
39587,1063,67,Dem People's Rep of Korea,2019,0,KN,
39587,1063,67,Dem People's Rep of Korea,2020,270807,KN,
39587,1063,67,Dem People's Rep of Korea,2021,25548,KN,
39587,1063,67,Dem People's Rep of Korea,2022,0,KN,
74365,1068,68,Democratic Republic of the Congo,2015,13219,CG,
74365,1068,68,Democratic Republic of the Congo,2016,14603,CG,
74365,1068,68,Democratic Republic of the Congo,2017,98,CG,
74365,1068,68,Democratic Republic of the Congo,2018,21150,CG,
74365,1068,68,Democratic Republic of the Congo,2019,2639,CG,
74365,1068,68,Democratic Republic of the Congo,2020,122951,CG,
74365,1068,68,Democratic Republic of the Congo,2021,1,CG,
74365,1068,68,Democratic Republic of the Congo,2022,0,CG,
15277,1096,70,Djibouti,2015,0,DJ,Africa
15277,1096,70,Djibouti,2016,0,DJ,Africa
15277,1096,70,Djibouti,2017,0,DJ,Africa
15277,1096,70,Djibouti,2018,0,DJ,Africa
15277,1096,70,Djibouti,2019,25378,DJ,Africa
15277,1096,70,Djibouti,2020,31919,DJ,Africa
15277,1096,70,Djibouti,2021,0,DJ,Africa
15277,1096,70,Djibouti,2022,0,DJ,Africa
37015,1112,72,Dominican Republic,2015,0,DR,Caribbean
37015,1112,72,Dominican Republic,2016,3283,DR,Caribbean
37015,1112,72,Dominican Republic,2017,0,DR,Caribbean
37015,1112,72,Dominican Republic,2018,4317,DR,Caribbean
37015,1112,72,Dominican Republic,2019,0,DR,Caribbean
37015,1112,72,Dominican Republic,2020,0,DR,Caribbean
37015,1112,72,Dominican Republic,2021,0,DR,Caribbean
37015,1112,72,Dominican Republic,2022,65,DR,Caribbean
15421,22005,73,Ecuador,2015,0,EC,South America
15421,22005,73,Ecuador,2016,0,EC,South America
15421,22005,73,Ecuador,2017,0,EC,South America
15421,22005,73,Ecuador,2018,0,EC,South America
15421,22005,73,Ecuador,2019,161670,EC,South America
15421,22005,73,Ecuador,2020,20401,EC,South America
15421,22005,73,Ecuador,2021,64,EC,South America
15421,22005,73,Ecuador,2022,565296,EC,South America
65811,61523,40765,Egypt,2015,0,EG,Africa
65811,61523,40765,Egypt,2016,0,EG,Africa
65811,61523,40765,Egypt,2017,0,EG,Africa
65811,61523,40765,Egypt,2018,3,EG,Africa
65811,61523,40765,Egypt,2019,0,EG,Africa
65811,61523,40765,Egypt,2020,778341,EG,Africa
65811,61523,40765,Egypt,2021,504,EG,Africa
65811,61523,40765,Egypt,2022,0,EG,Africa
15749,1193,75,El Salvador,2015,0,ES,Central America
15749,1193,75,El Salvador,2016,1,ES,Central America
15749,1193,75,El Salvador,2017,0,ES,Central America
15749,1193,75,El Salvador,2018,5917,ES,Central America
15749,1193,75,El Salvador,2019,0,ES,Central America
15749,1193,75,El Salvador,2020,0,ES,Central America
15749,1193,75,El Salvador,2021,2976,ES,Central America
15749,1193,75,El Salvador,2022,0,ES,Central America
15876,1209,77,Eritrea,2015,0,ER,Africa
15876,1209,77,Eritrea,2016,0,ER,Africa
15876,1209,77,Eritrea,2017,0,ER,Africa
15876,1209,77,Eritrea,2018,0,ER,Africa
15876,1209,77,Eritrea,2019,0,ER,Africa
15876,1209,77,Eritrea,2020,0,ER,Africa
15876,1209,77,Eritrea,2021,0,ER,Africa
15876,1209,77,Eritrea,2022,0,ER,Africa
40844,47679,79,Ethiopia,2015,0,ET,Africa
40844,47679,79,Ethiopia,2016,30,ET,Africa
40844,47679,79,Ethiopia,2017,0,ET,Africa
40844,47679,79,Ethiopia,2018,221,ET,Africa
40844,47679,79,Ethiopia,2019,36363,ET,Africa
40844,47679,79,Ethiopia,2020,5833,ET,Africa
40844,47679,79,Ethiopia,2021,6,ET,Africa
40844,47679,79,Ethiopia,2022,0,ET,Africa
16305,1264,85,France,2015,16873,FR,Europe
16305,1264,85,France,2016,465514,FR,Europe
16305,1264,85,France,2017,3637,FR,Europe
16305,1264,85,France,2018,1802695,FR,Europe
16305,1264,85,France,2019,87956,FR,Europe
16305,1264,85,France,2020,410429,FR,Europe
16305,1264,85,France,2021,773797,FR,Europe
16305,1264,85,France,2022,0,FR,Europe
16336,1271,86,French Guiana,2015,0,FG,South America
16336,1271,86,French Guiana,2016,0,FG,South America
16336,1271,86,French Guiana,2017,0,FG,South America
16336,1271,86,French Guiana,2018,0,FG,South America
16336,1271,86,French Guiana,2019,0,FG,South America
16336,1271,86,French Guiana,2020,104,FG,South America
16336,1271,86,French Guiana,2021,0,FG,South America
16336,1271,86,French Guiana,2022,0,FG,South America
16445,1294,91,Gaza Strip,2015,0,GZ,SW Asia
16445,1294,91,Gaza Strip,2016,0,GZ,SW Asia
16445,1294,91,Gaza Strip,2017,0,GZ,SW Asia
16445,1294,91,Gaza Strip,2018,8,GZ,SW Asia
16445,1294,91,Gaza Strip,2019,0,GZ,SW Asia
16445,1294,91,Gaza Strip,2020,0,GZ,SW Asia
16445,1294,91,Gaza Strip,2021,0,GZ,SW Asia
16445,1294,91,Gaza Strip,2022,0,GZ,SW Asia
16527,1308,93,Germany,2015,0,GM,Europe
16527,1308,93,Germany,2016,28607,GM,Europe
16527,1308,93,Germany,2017,482462,GM,Europe
16527,1308,93,Germany,2018,0,GM,Europe
16527,1308,93,Germany,2019,0,GM,Europe
16527,1308,93,Germany,2020,0,GM,Europe
16527,1308,93,Germany,2021,4994167,GM,Europe
16527,1308,93,Germany,2022,0,GM,Europe
16665,1333,94,Ghana,2015,4644,GH,Africa
16665,1333,94,Ghana,2016,0,GH,Africa
16665,1333,94,Ghana,2017,36870,GH,Africa
16665,1333,94,Ghana,2018,5681,GH,Africa
16665,1333,94,Ghana,2019,9143,GH,Africa
16665,1333,94,Ghana,2020,13037,GH,Africa
16665,1333,94,Ghana,2021,29319,GH,Africa
16665,1333,94,Ghana,2022,0,GH,Africa
16689,1340,97,Greece,2015,27089,GR,Europe
16689,1340,97,Greece,2016,5790,GR,Europe
16689,1340,97,Greece,2017,175044,GR,Europe
16689,1340,97,Greece,2018,0,GR,Europe
16689,1340,97,Greece,2019,0,GR,Europe
16689,1340,97,Greece,2020,14936,GR,Europe
16689,1340,97,Greece,2021,0,GR,Europe
16689,1340,97,Greece,2022,0,GR,Europe
65098,64836,103,Guatemala,2015,0,GT,Central America
65098,64836,103,Guatemala,2016,0,GT,Central America
65098,64836,103,Guatemala,2017,18306,GT,Central America
65098,64836,103,Guatemala,2018,45237,GT,Central America
65098,64836,103,Guatemala,2019,0,GT,Central America
65098,64836,103,Guatemala,2020,10650,GT,Central America
65098,64836,103,Guatemala,2021,732120,GT,Central America
65098,64836,103,Guatemala,2022,1,GT,Central America
40725,40703,106,Guinea,2015,20333,GV,Africa
40725,40703,106,Guinea,2016,2,GV,Africa
40725,40703,106,Guinea,2017,0,GV,Africa
40725,40703,106,Guinea,2018,2,GV,Africa
40725,40703,106,Guinea,2019,4,GV,Africa
40725,40703,106,Guinea,2020,41891,GV,Africa
40725,40703,106,Guinea,2021,10430,GV,Africa
40725,40703,106,Guinea,2022,0,GV,Africa
17144,1400,107,Guyana,2015,0,GY,South America
17144,1400,107,Guyana,2016,0,GY,South America
17144,1400,107,Guyana,2017,17,GY,South America
17144,1400,107,Guyana,2018,0,GY,South America
17144,1400,107,Guyana,2019,0,GY,South America
17144,1400,107,Guyana,2020,0,GY,South America
17144,1400,107,Guyana,2021,64040,GY,South America
17144,1400,107,Guyana,2022,0,GY,South America
17188,1412,108,Haiti,2015,0,HA,Caribbean
17188,1412,108,Haiti,2016,2176,HA,Caribbean
17188,1412,108,Haiti,2017,16296,HA,Caribbean
17188,1412,108,Haiti,2018,0,HA,Caribbean
17188,1412,108,Haiti,2019,8227,HA,Caribbean
17188,1412,108,Haiti,2020,0,HA,Caribbean
17188,1412,108,Haiti,2021,12764,HA,Caribbean
17188,1412,108,Haiti,2022,12564,HA,Caribbean
17448,1435,111,Honduras,2015,0,HO,Central America
17448,1435,111,Honduras,2016,2371,HO,Central America
17448,1435,111,Honduras,2017,22503,HO,Central America
17448,1435,111,Honduras,2018,12400,HO,Central America
17448,1435,111,Honduras,2019,0,HO,Central America
17448,1435,111,Honduras,2020,27877,HO,Central America
17448,1435,111,Honduras,2021,0,HO,Central America
17448,1435,111,Honduras,2022,8954,HO,Central America
17819,1504,115,India,2015,8697131,IN,S Asia
17819,1504,115,India,2016,5651492,IN,S Asia
17819,1504,115,India,2017,30170692,IN,S Asia
17819,1504,115,India,2018,65357377,IN,S Asia
17819,1504,115,India,2019,137057334,IN,S Asia
17819,1504,115,India,2020,5311240,IN,S Asia
17819,1504,115,India,2021,92308946,IN,S Asia
17819,1504,115,India,2022,52179915,IN,S Asia
73757,1537,116,Indonesia,2015,522684,ID,SE Asia
73757,1537,116,Indonesia,2016,355129,ID,SE Asia
73757,1537,116,Indonesia,2017,2721365,ID,SE Asia
73757,1537,116,Indonesia,2018,1236450,ID,SE Asia
73757,1537,116,Indonesia,2019,3824390,ID,SE Asia
73757,1537,116,Indonesia,2020,10190819,ID,SE Asia
73757,1537,116,Indonesia,2021,5467324,ID,SE Asia
73757,1537,116,Indonesia,2022,1744,ID,SE Asia
36812,1577,118,Iraq,2015,74133,IZ,SW Asia
36812,1577,118,Iraq,2016,0,IZ,SW Asia
36812,1577,118,Iraq,2017,0,IZ,SW Asia
36812,1577,118,Iraq,2018,56777,IZ,SW Asia
36812,1577,118,Iraq,2019,2509635,IZ,SW Asia
36812,1577,118,Iraq,2020,643018,IZ,SW Asia
36812,1577,118,Iraq,2021,96925,IZ,SW Asia
36812,1577,118,Iraq,2022,6,IZ,SW Asia
18293,1592,119,Ireland,2015,0,EI,Europe
18293,1592,119,Ireland,2016,0,EI,Europe
18293,1592,119,Ireland,2017,5323,EI,Europe
18293,1592,119,Ireland,2018,0,EI,Europe
18293,1592,119,Ireland,2019,0,EI,Europe
18293,1592,119,Ireland,2020,0,EI,Europe
18293,1592,119,Ireland,2021,0,EI,Europe
18293,1592,119,Ireland,2022,0,EI,Europe
18312,1611,121,Israel,2015,0,IS,SW Asia
18312,1611,121,Israel,2016,0,IS,SW Asia
18312,1611,121,Israel,2017,0,IS,SW Asia
18312,1611,121,Israel,2018,85699,IS,SW Asia
18312,1611,121,Israel,2019,0,IS,SW Asia
18312,1611,121,Israel,2020,128033,IS,SW Asia
18312,1611,121,Israel,2021,0,IS,SW Asia
18312,1611,121,Israel,2022,0,IS,SW Asia
18413,1634,122,Italy,2015,73034,IT,Europe
18413,1634,122,Italy,2016,273221,IT,Europe
18413,1634,122,Italy,2017,29162,IT,Europe
18413,1634,122,Italy,2018,25231,IT,Europe
18413,1634,122,Italy,2019,262,IT,Europe
18413,1634,122,Italy,2020,908257,IT,Europe
18413,1634,122,Italy,2021,41207,IT,Europe
18413,1634,122,Italy,2022,0,IT,Europe
33824,1657,126,Japan,2015,0,JA,E Asia
33824,1657,126,Japan,2016,0,JA,E Asia
33824,1657,126,Japan,2017,341124,JA,E Asia
33824,1657,126,Japan,2018,574350,JA,E Asia
33824,1657,126,Japan,2019,1240718,JA,E Asia
33824,1657,126,Japan,2020,168287,JA,E Asia
33824,1657,126,Japan,2021,159514,JA,E Asia
33824,1657,126,Japan,2022,0,JA,E Asia
36738,1704,130,Jordan,2015,0,JO,SW Asia
36738,1704,130,Jordan,2016,0,JO,SW Asia
36738,1704,130,Jordan,2017,0,JO,SW Asia
36738,1704,130,Jordan,2018,1520,JO,SW Asia
36738,1704,130,Jordan,2019,0,JO,SW Asia
36738,1704,130,Jordan,2020,0,JO,SW Asia
36738,1704,130,Jordan,2021,0,JO,SW Asia
36738,1704,130,Jordan,2022,0,JO,SW Asia
37288,1726,132,Kazakhstan,2015,4400,KZ,Central Asia
37288,1726,132,Kazakhstan,2016,0,KZ,Central Asia
37288,1726,132,Kazakhstan,2017,168231,KZ,Central Asia
37288,1726,132,Kazakhstan,2018,12581,KZ,Central Asia
37288,1726,132,Kazakhstan,2019,0,KZ,Central Asia
37288,1726,132,Kazakhstan,2020,9147,KZ,Central Asia
37288,1726,132,Kazakhstan,2021,0,KZ,Central Asia
37288,1726,132,Kazakhstan,2022,0,KZ,Central Asia
51361,51329,133,Kenya,2015,0,KE,Africa
51361,51329,133,Kenya,2016,0,KE,Africa
51361,51329,133,Kenya,2017,31589,KE,Africa
51361,51329,133,Kenya,2018,166865,KE,Africa
51361,51329,133,Kenya,2019,60968,KE,Africa
51361,51329,133,Kenya,2020,52853,KE,Africa
51361,51329,133,Kenya,2021,48793,KE,Africa
51361,51329,133,Kenya,2022,0,KE,Africa
18624,1751,138,Kyrgyzstan,2015,0,KG,Central Asia
18624,1751,138,Kyrgyzstan,2016,0,KG,Central Asia
18624,1751,138,Kyrgyzstan,2017,0,KG,Central Asia
18624,1751,138,Kyrgyzstan,2018,0,KG,Central Asia
18624,1751,138,Kyrgyzstan,2019,17,KG,Central Asia
18624,1751,138,Kyrgyzstan,2020,0,KG,Central Asia
18624,1751,138,Kyrgyzstan,2021,0,KG,Central Asia
18624,1751,138,Kyrgyzstan,2022,0,KG,Central Asia
147238,1827,144,Liberia,2015,0,LI,Africa
147238,1827,144,Liberia,2016,0,LI,Africa
147238,1827,144,Liberia,2017,0,LI,Africa
147238,1827,144,Liberia,2018,0,LI,Africa
147238,1827,144,Liberia,2019,0,LI,Africa
147238,1827,144,Liberia,2020,0,LI,Africa
147238,1827,144,Liberia,2021,0,LI,Africa
147238,1827,144,Liberia,2022,0,LI,Africa
19086,1835,145,Libya,2015,0,LY,Africa
19086,1835,145,Libya,2016,0,LY,Africa
19086,1835,145,Libya,2017,0,LY,Africa
19086,1835,145,Libya,2018,0,LY,Africa
19086,1835,145,Libya,2019,224,LY,Africa
19086,1835,145,Libya,2020,0,LY,Africa
19086,1835,145,Libya,2021,0,LY,Africa
19086,1835,145,Libya,2022,0,LY,Africa
19121,1866,147,Lithuania,2015,0,LH,Europe
19121,1866,147,Lithuania,2016,0,LH,Europe
19121,1866,147,Lithuania,2017,0,LH,Europe
19121,1866,147,Lithuania,2018,7,LH,Europe
19121,1866,147,Lithuania,2019,0,LH,Europe
19121,1866,147,Lithuania,2020,0,LH,Europe
19121,1866,147,Lithuania,2021,0,LH,Europe
19121,1866,147,Lithuania,2022,0,LH,Europe
154562,41760,150,Madagascar,2015,0,MA,Africa
154562,41760,150,Madagascar,2016,0,MA,Africa
154562,41760,150,Madagascar,2017,0,MA,Africa
154562,41760,150,Madagascar,2018,0,MA,Africa
154562,41760,150,Madagascar,2019,0,MA,Africa
154562,41760,150,Madagascar,2020,232227,MA,Africa
154562,41760,150,Madagascar,2021,8109,MA,Africa
154562,41760,150,Madagascar,2022,0,MA,Africa
65270,1890,152,Malawi,2015,7,MI,Africa
65270,1890,152,Malawi,2016,0,MI,Africa
65270,1890,152,Malawi,2017,5057,MI,Africa
65270,1890,152,Malawi,2018,8624,MI,Africa
65270,1890,152,Malawi,2019,95799,MI,Africa
65270,1890,152,Malawi,2020,161,MI,Africa
65270,1890,152,Malawi,2021,0,MI,Africa
65270,1890,152,Malawi,2022,0,MI,Africa
37441,1902,153,Malaysia,2015,0,MY,SE Asia
37441,1902,153,Malaysia,2016,461798,MY,SE Asia
37441,1902,153,Malaysia,2017,798113,MY,SE Asia
37441,1902,153,Malaysia,2018,27179,MY,SE Asia
37441,1902,153,Malaysia,2019,528491,MY,SE Asia
37441,1902,153,Malaysia,2020,166015,MY,SE Asia
37441,1902,153,Malaysia,2021,1471158,MY,SE Asia
37441,1902,153,Malaysia,2022,122593,MY,SE Asia
19395,1931,155,Mali,2015,59,ML,Africa
19395,1931,155,Mali,2016,14101,ML,Africa
19395,1931,155,Mali,2017,2,ML,Africa
19395,1931,155,Mali,2018,44289,ML,Africa
19395,1931,155,Mali,2019,128601,ML,Africa
19395,1931,155,Mali,2020,2,ML,Africa
19395,1931,155,Mali,2021,2,ML,Africa
19395,1931,155,Mali,2022,0,ML,Africa
19499,2006,159,Mauritania,2015,0,MR,Africa
19499,2006,159,Mauritania,2016,0,MR,Africa
19499,2006,159,Mauritania,2017,0,MR,Africa
19499,2006,159,Mauritania,2018,3,MR,Africa
19499,2006,159,Mauritania,2019,5991,MR,Africa
19499,2006,159,Mauritania,2020,16892,MR,Africa
19499,2006,159,Mauritania,2021,0,MR,Africa
19499,2006,159,Mauritania,2022,0,MR,Africa
20953,2053,162,Mexico,2015,0,MX,North America
20953,2053,162,Mexico,2016,1543,MX,North America
20953,2053,162,Mexico,2017,3916,MX,North America
20953,2053,162,Mexico,2018,151285,MX,North America
20953,2053,162,Mexico,2019,160819,MX,North America
20953,2053,162,Mexico,2020,541030,MX,North America
20953,2053,162,Mexico,2021,25533,MX,North America
20953,2053,162,Mexico,2022,0,MX,North America
21486,2077,167,Mongolia,2015,0,MG,N Asia
21486,2077,167,Mongolia,2016,0,MG,N Asia
21486,2077,167,Mongolia,2017,0,MG,N Asia
21486,2077,167,Mongolia,2018,38,MG,N Asia
21486,2077,167,Mongolia,2019,0,MG,N Asia
21486,2077,167,Mongolia,2020,4724,MG,N Asia
21486,2077,167,Mongolia,2021,907,MG,N Asia
21486,2077,167,Mongolia,2022,0,MG,N Asia
47622,25369,2647,Montenegro,2015,0,MJ,Europe
47622,25369,2647,Montenegro,2016,0,MJ,Europe
47622,25369,2647,Montenegro,2017,0,MJ,Europe
47622,25369,2647,Montenegro,2018,1,MJ,Europe
47622,25369,2647,Montenegro,2019,0,MJ,Europe
47622,25369,2647,Montenegro,2020,0,MJ,Europe
47622,25369,2647,Montenegro,2021,1,MJ,Europe
47622,25369,2647,Montenegro,2022,0,MJ,Europe
147358,147335,169,Morocco,2015,0,MO,Africa
147358,147335,169,Morocco,2016,0,MO,Africa
147358,147335,169,Morocco,2017,0,MO,Africa
147358,147335,169,Morocco,2018,0,MO,Africa
147358,147335,169,Morocco,2019,5612,MO,Africa
147358,147335,169,Morocco,2020,0,MO,Africa
147358,147335,169,Morocco,2021,1625171,MO,Africa
147358,147335,169,Morocco,2022,0,MO,Africa
21914,2119,170,Mozambique,2015,0,MZ,Africa
21914,2119,170,Mozambique,2016,0,MZ,Africa
21914,2119,170,Mozambique,2017,0,MZ,Africa
21914,2119,170,Mozambique,2018,42317,MZ,Africa
21914,2119,170,Mozambique,2019,509197,MZ,Africa
21914,2119,170,Mozambique,2020,1390042,MZ,Africa
21914,2119,170,Mozambique,2021,46437,MZ,Africa
21914,2119,170,Mozambique,2022,0,MZ,Africa
41807,2131,171,Myanmar,2015,1136277,BM,
41807,2131,171,Myanmar,2016,2731816,BM,
41807,2131,171,Myanmar,2017,5520987,BM,
41807,2131,171,Myanmar,2018,6038825,BM,
41807,2131,171,Myanmar,2019,344546,BM,
41807,2131,171,Myanmar,2020,175319,BM,
41807,2131,171,Myanmar,2021,4080647,BM,
41807,2131,171,Myanmar,2022,0,BM,
22266,2140,172,Namibia,2015,0,WA,Africa
22266,2140,172,Namibia,2016,0,WA,Africa
22266,2140,172,Namibia,2017,0,WA,Africa
22266,2140,172,Namibia,2018,0,WA,Africa
22266,2140,172,Namibia,2019,0,WA,Africa
22266,2140,172,Namibia,2020,0,WA,Africa
22266,2140,172,Namibia,2021,398,WA,Africa
22266,2140,172,Namibia,2022,0,WA,Africa
22363,2156,175,Nepal,2015,0,NP,S Asia
22363,2156,175,Nepal,2016,830,NP,S Asia
22363,2156,175,Nepal,2017,3604862,NP,S Asia
22363,2156,175,Nepal,2018,2479,NP,S Asia
22363,2156,175,Nepal,2019,6636621,NP,S Asia
22363,2156,175,Nepal,2020,8,NP,S Asia
22363,2156,175,Nepal,2021,266013,NP,S Asia
22363,2156,175,Nepal,2022,4913,NP,S Asia
22373,2165,177,Netherlands,2015,0,NL,Europe
22373,2165,177,Netherlands,2016,0,NL,Europe
22373,2165,177,Netherlands,2017,17,NL,Europe
22373,2165,177,Netherlands,2018,0,NL,Europe
22373,2165,177,Netherlands,2019,0,NL,Europe
22373,2165,177,Netherlands,2020,0,NL,Europe
22373,2165,177,Netherlands,2021,571385,NL,Europe
22373,2165,177,Netherlands,2022,0,NL,Europe
22411,2187,180,Nicaragua,2015,0,NU,Central America
22411,2187,180,Nicaragua,2016,0,NU,Central America
22411,2187,180,Nicaragua,2017,760,NU,Central America
22411,2187,180,Nicaragua,2018,243172,NU,Central America
22411,2187,180,Nicaragua,2019,0,NU,Central America
22411,2187,180,Nicaragua,2020,0,NU,Central America
22411,2187,180,Nicaragua,2021,0,NU,Central America
22411,2187,180,Nicaragua,2022,0,NU,Central America
22559,2204,181,Niger,2015,6,NG,Africa
22559,2204,181,Niger,2016,312139,NG,Africa
22559,2204,181,Niger,2017,183326,NG,Africa
22559,2204,181,Niger,2018,9,NG,Africa
22559,2204,181,Niger,2019,203261,NG,Africa
22559,2204,181,Niger,2020,319333,NG,Africa
22559,2204,181,Niger,2021,298392,NG,Africa
22559,2204,181,Niger,2022,0,NG,Africa
191066,2225,182,Nigeria,2015,1460781,NI,Africa
191066,2225,182,Nigeria,2016,32493,NI,Africa
191066,2225,182,Nigeria,2017,211707,NI,Africa
191066,2225,182,Nigeria,2018,1739255,NI,Africa
191066,2225,182,Nigeria,2019,469317,NI,Africa
191066,2225,182,Nigeria,2020,1577608,NI,Africa
191066,2225,182,Nigeria,2021,2937647,NI,Africa
191066,2225,182,Nigeria,2022,31668,NI,Africa
40329,2275,188,Pakistan,2015,0,PK,S Asia
40329,2275,188,Pakistan,2016,0,PK,S Asia
40329,2275,188,Pakistan,2017,295778,PK,S Asia
40329,2275,188,Pakistan,2018,0,PK,S Asia
40329,2275,188,Pakistan,2019,294998,PK,S Asia
40329,2275,188,Pakistan,2020,1033029,PK,S Asia
40329,2275,188,Pakistan,2021,1433210,PK,S Asia
40329,2275,188,Pakistan,2022,4,PK,S Asia
23722,2283,191,Panama,2015,0,PM,Central America
23722,2283,191,Panama,2016,0,PM,Central America
23722,2283,191,Panama,2017,0,PM,Central America
23722,2283,191,Panama,2018,0,PM,Central America
23722,2283,191,Panama,2019,0,PM,Central America
23722,2283,191,Panama,2020,7,PM,Central America
23722,2283,191,Panama,2021,66849,PM,Central America
23722,2283,191,Panama,2022,0,PM,Central America
37482,2292,192,Papua New Guinea,2015,0,PP,Oceania
37482,2292,192,Papua New Guinea,2016,0,PP,Oceania
37482,2292,192,Papua New Guinea,2017,0,PP,Oceania
37482,2292,192,Papua New Guinea,2018,0,PP,Oceania
37482,2292,192,Papua New Guinea,2019,545,PP,Oceania
37482,2292,192,Papua New Guinea,2020,211,PP,Oceania
37482,2292,192,Papua New Guinea,2021,0,PP,Oceania
37482,2292,192,Papua New Guinea,2022,0,PP,Oceania
23923,2322,194,Paraguay,2015,0,PA,South America
23923,2322,194,Paraguay,2016,0,PA,South America
23923,2322,194,Paraguay,2017,0,PA,South America
23923,2322,194,Paraguay,2018,11766,PA,South America
23923,2322,194,Paraguay,2019,85002,PA,South America
23923,2322,194,Paraguay,2020,0,PA,South America
23923,2322,194,Paraguay,2021,16027,PA,South America
23923,2322,194,Paraguay,2022,1,PA,South America
24006,2328,195,Peru,2015,0,PE,South America
24006,2328,195,Peru,2016,33,PE,South America
24006,2328,195,Peru,2017,186964,PE,South America
24006,2328,195,Peru,2018,0,PE,South America
24006,2328,195,Peru,2019,593807,PE,South America
24006,2328,195,Peru,2020,31540,PE,South America
24006,2328,195,Peru,2021,73283,PE,South America
24006,2328,195,Peru,2022,0,PE,South America
67169,2368,196,Philippines,2015,353542,RP,SE Asia
67169,2368,196,Philippines,2016,499938,RP,SE Asia
67169,2368,196,Philippines,2017,343702,RP,SE Asia
67169,2368,196,Philippines,2018,79814,RP,SE Asia
67169,2368,196,Philippines,2019,36466,RP,SE Asia
67169,2368,196,Philippines,2020,0,RP,SE Asia
67169,2368,196,Philippines,2021,1811100,RP,SE Asia
67169,2368,196,Philippines,2022,0,RP,SE Asia
24772,2393,199,Portugal,2015,2714,PO,Europe
24772,2393,199,Portugal,2016,0,PO,Europe
24772,2393,199,Portugal,2017,0,PO,Europe
24772,2393,199,Portugal,2018,0,PO,Europe
24772,2393,199,Portugal,2019,0,PO,Europe
24772,2393,199,Portugal,2020,0,PO,Europe
24772,2393,199,Portugal,2021,0,PO,Europe
24772,2393,199,Portugal,2022,0,PO,Europe
40044,2416,200,Puerto Rico,2015,0,RQ,Caribbean
40044,2416,200,Puerto Rico,2016,0,RQ,Caribbean
40044,2416,200,Puerto Rico,2017,0,RQ,Caribbean
40044,2416,200,Puerto Rico,2018,56,RQ,Caribbean
40044,2416,200,Puerto Rico,2019,0,RQ,Caribbean
40044,2416,200,Puerto Rico,2020,0,RQ,Caribbean
40044,2416,200,Puerto Rico,2021,0,RQ,Caribbean
40044,2416,200,Puerto Rico,2022,0,RQ,Caribbean
24975,2434,202,Republic of Korea,2015,0,KS,
24975,2434,202,Republic of Korea,2016,0,KS,
24975,2434,202,Republic of Korea,2017,0,KS,
24975,2434,202,Republic of Korea,2018,0,KS,
24975,2434,202,Republic of Korea,2019,0,KS,
24975,2434,202,Republic of Korea,2020,1493684,KS,
24975,2434,202,Republic of Korea,2021,0,KS,
24975,2434,202,Republic of Korea,2022,0,KS,
25045,2504,204,Russian Federation,2015,71770,RS,
25045,2504,204,Russian Federation,2016,106182,RS,
25045,2504,204,Russian Federation,2017,28,RS,
25045,2504,204,Russian Federation,2018,357768,RS,
25045,2504,204,Russian Federation,2019,191649,RS,
25045,2504,204,Russian Federation,2020,0,RS,
25045,2504,204,Russian Federation,2021,382572,RS,
25045,2504,204,Russian Federation,2022,0,RS,
25302,2619,213,San Marino,2015,0,SM,Europe
25302,2619,213,San Marino,2016,0,SM,Europe
25302,2619,213,San Marino,2017,0,SM,Europe
25302,2619,213,San Marino,2018,0,SM,Europe
25302,2619,213,San Marino,2019,0,SM,Europe
25302,2619,213,San Marino,2020,26,SM,Europe
25302,2619,213,San Marino,2021,0,SM,Europe
25302,2619,213,San Marino,2022,0,SM,Europe
1382,2636,217,Senegal,2015,0,SG,Africa
1382,2636,217,Senegal,2016,0,SG,Africa
1382,2636,217,Senegal,2017,0,SG,Africa
1382,2636,217,Senegal,2018,59,SG,Africa
1382,2636,217,Senegal,2019,25892,SG,Africa
1382,2636,217,Senegal,2020,17891,SG,Africa
1382,2636,217,Senegal,2021,0,SG,Africa
1382,2636,217,Senegal,2022,0,SG,Africa
47651,25398,2648,Serbia,2015,0,RI,Europe
47651,25398,2648,Serbia,2016,12076,RI,Europe
47651,25398,2648,Serbia,2017,0,RI,Europe
47651,25398,2648,Serbia,2018,111993,RI,Europe
47651,25398,2648,Serbia,2019,97421,RI,Europe
47651,25398,2648,Serbia,2020,1147,RI,Europe
47651,25398,2648,Serbia,2021,34045,RI,Europe
47651,25398,2648,Serbia,2022,0,RI,Europe
25410,2655,221,Sierra Leone,2015,17288,SL,Africa
25410,2655,221,Sierra Leone,2016,0,SL,Africa
25410,2655,221,Sierra Leone,2017,0,SL,Africa
25410,2655,221,Sierra Leone,2018,0,SL,Africa
25410,2655,221,Sierra Leone,2019,0,SL,Africa
25410,2655,221,Sierra Leone,2020,0,SL,Africa
25410,2655,221,Sierra Leone,2021,0,SL,Africa
25410,2655,221,Sierra Leone,2022,0,SL,Africa
25528,2676,224,Slovenia,2015,0,SI,Europe
25528,2676,224,Slovenia,2016,0,SI,Europe
25528,2676,224,Slovenia,2017,0,SI,Europe
25528,2676,224,Slovenia,2018,0,SI,Europe
25528,2676,224,Slovenia,2019,1,SI,Europe
25528,2676,224,Slovenia,2020,0,SI,Europe
25528,2676,224,Slovenia,2021,10752,SI,Europe
25528,2676,224,Slovenia,2022,0,SI,Europe
25692,2697,226,Somalia,2015,0,SO,Africa
25692,2697,226,Somalia,2016,0,SO,Africa
25692,2697,226,Somalia,2017,0,SO,Africa
25692,2697,226,Somalia,2018,538635,SO,Africa
25692,2697,226,Somalia,2019,1,SO,Africa
25692,2697,226,Somalia,2020,544816,SO,Africa
25692,2697,226,Somalia,2021,503539,SO,Africa
25692,2697,226,Somalia,2022,0,SO,Africa
77317,2714,227,South Africa,2015,0,SF,Africa
77317,2714,227,South Africa,2016,35732,SF,Africa
77317,2714,227,South Africa,2017,554,SF,Africa
77317,2714,227,South Africa,2018,0,SF,Africa
77317,2714,227,South Africa,2019,167855,SF,Africa
77317,2714,227,South Africa,2020,0,SF,Africa
77317,2714,227,South Africa,2021,223266,SF,Africa
77317,2714,227,South Africa,2022,344588,SF,Africa
37045,2750,74,South Sudan,2015,0,OD,Africa
37045,2750,74,South Sudan,2016,4501,OD,Africa
37045,2750,74,South Sudan,2017,7,OD,Africa
37045,2750,74,South Sudan,2018,0,OD,Africa
37045,2750,74,South Sudan,2019,15259,OD,Africa
37045,2750,74,South Sudan,2020,2,OD,Africa
37045,2750,74,South Sudan,2021,12,OD,Africa
37045,2750,74,South Sudan,2022,0,OD,Africa
25826,2733,229,Spain,2015,158713,SP,Europe
25826,2733,229,Spain,2016,292394,SP,Europe
25826,2733,229,Spain,2017,0,SP,Europe
25826,2733,229,Spain,2018,793329,SP,Europe
25826,2733,229,Spain,2019,1522463,SP,Europe
25826,2733,229,Spain,2020,0,SP,Europe
25826,2733,229,Spain,2021,1639070,SP,Europe
25826,2733,229,Spain,2022,0,SP,Europe
37111,4150,6,Sudan,2015,0,SU,Africa
37111,4150,6,Sudan,2016,0,SU,Africa
37111,4150,6,Sudan,2017,1029746,SU,Africa
37111,4150,6,Sudan,2018,323935,SU,Africa
37111,4150,6,Sudan,2019,44881,SU,Africa
37111,4150,6,Sudan,2020,79,SU,Africa
37111,4150,6,Sudan,2021,1018029,SU,Africa
37111,4150,6,Sudan,2022,0,SU,Africa
25930,2779,233,Suriname,2015,0,NS,South America
25930,2779,233,Suriname,2016,0,NS,South America
25930,2779,233,Suriname,2017,0,NS,South America
25930,2779,233,Suriname,2018,0,NS,South America
25930,2779,233,Suriname,2019,0,NS,South America
25930,2779,233,Suriname,2020,0,NS,South America
25930,2779,233,Suriname,2021,0,NS,South America
25930,2779,233,Suriname,2022,0,NS,South America
25963,2783,235,Swaziland,2015,0,WZ,Africa
25963,2783,235,Swaziland,2016,0,WZ,Africa
25963,2783,235,Swaziland,2017,0,WZ,Africa
25963,2783,235,Swaziland,2018,0,WZ,Africa
25963,2783,235,Swaziland,2019,0,WZ,Africa
25963,2783,235,Swaziland,2020,0,WZ,Africa
25963,2783,235,Swaziland,2021,2,WZ,Africa
25963,2783,235,Swaziland,2022,2,WZ,Africa
26229,2805,236,Sweden,2015,0,SW,Europe
26229,2805,236,Sweden,2016,0,SW,Europe
26229,2805,236,Sweden,2017,0,SW,Europe
26229,2805,236,Sweden,2018,0,SW,Europe
26229,2805,236,Sweden,2019,0,SW,Europe
26229,2805,236,Sweden,2020,0,SW,Europe
26229,2805,236,Sweden,2021,27003,SW,Europe
26229,2805,236,Sweden,2022,0,SW,Europe
26285,2807,237,Switzerland,2015,0,SZ,Europe
26285,2807,237,Switzerland,2016,0,SZ,Europe
26285,2807,237,Switzerland,2017,0,SZ,Europe
26285,2807,237,Switzerland,2018,0,SZ,Europe
26285,2807,237,Switzerland,2019,0,SZ,Europe
26285,2807,237,Switzerland,2020,109,SZ,Europe
26285,2807,237,Switzerland,2021,133561,SZ,Europe
26285,2807,237,Switzerland,2022,0,SZ,Europe
26345,2840,238,Syrian Arab Republic,2015,0,SY,
26345,2840,238,Syrian Arab Republic,2016,0,SY,
26345,2840,238,Syrian Arab Republic,2017,0,SY,
26345,2840,238,Syrian Arab Republic,2018,0,SY,
26345,2840,238,Syrian Arab Republic,2019,192596,SY,
26345,2840,238,Syrian Arab Republic,2020,25,SY,
26345,2840,238,Syrian Arab Republic,2021,498483,SY,
26345,2840,238,Syrian Arab Republic,2022,0,SY,
37620,2850,239,Tajikistan,2015,0,TI,Central Asia
37620,2850,239,Tajikistan,2016,0,TI,Central Asia
37620,2850,239,Tajikistan,2017,0,TI,Central Asia
37620,2850,239,Tajikistan,2018,13427,TI,Central Asia
37620,2850,239,Tajikistan,2019,128227,TI,Central Asia
37620,2850,239,Tajikistan,2020,2814,TI,Central Asia
37620,2850,239,Tajikistan,2021,81623,TI,Central Asia
37620,2850,239,Tajikistan,2022,32,TI,Central Asia
26692,2877,240,Thailand,2015,87,TH,SE Asia
26692,2877,240,Thailand,2016,433655,TH,SE Asia
26692,2877,240,Thailand,2017,6735036,TH,SE Asia
26692,2877,240,Thailand,2018,652,TH,SE Asia
26692,2877,240,Thailand,2019,384271,TH,SE Asia
26692,2877,240,Thailand,2020,242503,TH,SE Asia
26692,2877,240,Thailand,2021,2536087,TH,SE Asia
26692,2877,240,Thailand,2022,137127,TH,SE Asia
27241,2937,241,The former Yugoslav Republic of Macedonia,2015,10189,MK,Europe
27241,2937,241,The former Yugoslav Republic of Macedonia,2016,3302,MK,Europe
27241,2937,241,The former Yugoslav Republic of Macedonia,2017,0,MK,Europe
27241,2937,241,The former Yugoslav Republic of Macedonia,2018,0,MK,Europe
27241,2937,241,The former Yugoslav Republic of Macedonia,2019,0,MK,Europe
27241,2937,241,The former Yugoslav Republic of Macedonia,2020,0,MK,Europe
27241,2937,241,The former Yugoslav Republic of Macedonia,2021,2,MK,Europe
27241,2937,241,The former Yugoslav Republic of Macedonia,2022,0,MK,Europe
27339,2960,242,Timor-Leste,2015,0,TT,SE Asia
27339,2960,242,Timor-Leste,2016,0,TT,SE Asia
27339,2960,242,Timor-Leste,2017,0,TT,SE Asia
27339,2960,242,Timor-Leste,2018,0,TT,SE Asia
27339,2960,242,Timor-Leste,2019,24,TT,SE Asia
27339,2960,242,Timor-Leste,2020,429,TT,SE Asia
27339,2960,242,Timor-Leste,2021,0,TT,SE Asia
27339,2960,242,Timor-Leste,2022,0,TT,SE Asia
27387,2970,243,Togo,2015,0,TO,Africa
27387,2970,243,Togo,2016,0,TO,Africa
27387,2970,243,Togo,2017,0,TO,Africa
27387,2970,243,Togo,2018,0,TO,Africa
27387,2970,243,Togo,2019,0,TO,Africa
27387,2970,243,Togo,2020,326651,TO,Africa
27387,2970,243,Togo,2021,142,TO,Africa
27387,2970,243,Togo,2022,0,TO,Africa
27410,2979,246,Trinidad and Tobago,2015,0,TD,Africa
27410,2979,246,Trinidad and Tobago,2016,0,TD,Africa
27410,2979,246,Trinidad and Tobago,2017,0,TD,Africa
27410,2979,246,Trinidad and Tobago,2018,5395,TD,Africa
27410,2979,246,Trinidad and Tobago,2019,0,TD,Africa
27410,2979,246,Trinidad and Tobago,2020,0,TD,Africa
27410,2979,246,Trinidad and Tobago,2021,0,TD,Africa
27410,2979,246,Trinidad and Tobago,2022,0,TD,Africa
39454,3012,248,Tunisia,2015,0,TS,Africa
39454,3012,248,Tunisia,2016,0,TS,Africa
39454,3012,248,Tunisia,2017,0,TS,Africa
39454,3012,248,Tunisia,2018,79224,TS,Africa
39454,3012,248,Tunisia,2019,0,TS,Africa
39454,3012,248,Tunisia,2020,290844,TS,Africa
39454,3012,248,Tunisia,2021,103430,TS,Africa
39454,3012,248,Tunisia,2022,19647,TS,Africa
28249,3085,249,Turkey,2015,7393,TU,SW Asia
28249,3085,249,Turkey,2016,0,TU,SW Asia
28249,3085,249,Turkey,2017,0,TU,SW Asia
28249,3085,249,Turkey,2018,0,TU,SW Asia
28249,3085,249,Turkey,2019,22938,TU,SW Asia
28249,3085,249,Turkey,2020,60716,TU,SW Asia
28249,3085,249,Turkey,2021,6278,TU,SW Asia
28249,3085,249,Turkey,2022,95,TU,SW Asia
147325,147323,250,Turkmenistan,2015,0,TX,Central Asia
147325,147323,250,Turkmenistan,2016,0,TX,Central Asia
147325,147323,250,Turkmenistan,2017,1,TX,Central Asia
147325,147323,250,Turkmenistan,2018,0,TX,Central Asia
147325,147323,250,Turkmenistan,2019,109,TX,Central Asia
147325,147323,250,Turkmenistan,2020,124,TX,Central Asia
147325,147323,250,Turkmenistan,2021,5,TX,Central Asia
147325,147323,250,Turkmenistan,2022,53,TX,Central Asia
40179,3186,256,U.K. of Great Britain and Northern Ireland,2015,257296,UK,Europe
40179,3186,256,U.K. of Great Britain and Northern Ireland,2016,0,UK,Europe
40179,3186,256,U.K. of Great Britain and Northern Ireland,2017,242543,UK,Europe
40179,3186,256,U.K. of Great Britain and Northern Ireland,2018,0,UK,Europe
40179,3186,256,U.K. of Great Britain and Northern Ireland,2019,153920,UK,Europe
40179,3186,256,U.K. of Great Britain and Northern Ireland,2020,160040,UK,Europe
40179,3186,256,U.K. of Great Britain and Northern Ireland,2021,0,UK,Europe
40179,3186,256,U.K. of Great Britain and Northern Ireland,2022,0,UK,Europe
28395,754,253,Uganda,2015,0,UG,Africa
28395,754,253,Uganda,2016,0,UG,Africa
28395,754,253,Uganda,2017,0,UG,Africa
28395,754,253,Uganda,2018,0,UG,Africa
28395,754,253,Uganda,2019,1023,UG,Africa
28395,754,253,Uganda,2020,163,UG,Africa
28395,754,253,Uganda,2021,1850,UG,Africa
28395,754,253,Uganda,2022,0,UG,Africa
28562,3167,254,Ukraine,2015,25,UP,Europe
28562,3167,254,Ukraine,2016,102662,UP,Europe
28562,3167,254,Ukraine,2017,0,UP,Europe
28562,3167,254,Ukraine,2018,6,UP,Europe
28562,3167,254,Ukraine,2019,0,UP,Europe
28562,3167,254,Ukraine,2020,175177,UP,Europe
28562,3167,254,Ukraine,2021,7,UP,Europe
28562,3167,254,Ukraine,2022,0,UP,Europe
28568,3173,255,United Arab Emirates,2015,0,AE,SW Asia
28568,3173,255,United Arab Emirates,2016,0,AE,SW Asia
28568,3173,255,United Arab Emirates,2017,8145,AE,SW Asia
28568,3173,255,United Arab Emirates,2018,0,AE,SW Asia
28568,3173,255,United Arab Emirates,2019,0,AE,SW Asia
28568,3173,255,United Arab Emirates,2020,0,AE,SW Asia
28568,3173,255,United Arab Emirates,2021,0,AE,SW Asia
28568,3173,255,United Arab Emirates,2022,0,AE,SW Asia
48450,48369,257,United Republic of Tanzania,2015,0,TZ,Africa
48450,48369,257,United Republic of Tanzania,2016,0,TZ,Africa
48450,48369,257,United Republic of Tanzania,2017,6263,TZ,Africa
48450,48369,257,United Republic of Tanzania,2018,8113,TZ,Africa
48450,48369,257,United Republic of Tanzania,2019,91298,TZ,Africa
48450,48369,257,United Republic of Tanzania,2020,94264,TZ,Africa
48450,48369,257,United Republic of Tanzania,2021,1397,TZ,Africa
48450,48369,257,United Republic of Tanzania,2022,0,TZ,Africa
29970,3236,259,United States of America,2015,140033,US,North America
29970,3236,259,United States of America,2016,132912,US,North America
29970,3236,259,United States of America,2017,87642,US,North America
29970,3236,259,United States of America,2018,447167,US,North America
29970,3236,259,United States of America,2019,1022517,US,North America
29970,3236,259,United States of America,2020,5572,US,North America
29970,3236,259,United States of America,2021,205919,US,North America
29970,3236,259,United States of America,2022,0,US,North America
31824,3270,260,Uruguay,2015,1044,UY,South America
31824,3270,260,Uruguay,2016,75408,UY,South America
31824,3270,260,Uruguay,2017,6466,UY,South America
31824,3270,260,Uruguay,2018,0,UY,South America
31824,3270,260,Uruguay,2019,22404,UY,South America
31824,3270,260,Uruguay,2020,360,UY,South America
31824,3270,260,Uruguay,2021,0,UY,South America
31824,3270,260,Uruguay,2022,3,UY,South America
39865,3293,261,Uzbekistan,2015,0,UZ,Central Asia
39865,3293,261,Uzbekistan,2016,0,UZ,Central Asia
39865,3293,261,Uzbekistan,2017,0,UZ,Central Asia
39865,3293,261,Uzbekistan,2018,0,UZ,Central Asia
39865,3293,261,Uzbekistan,2019,4,UZ,Central Asia
39865,3293,261,Uzbekistan,2020,85999,UZ,Central Asia
39865,3293,261,Uzbekistan,2021,0,UZ,Central Asia
39865,3293,261,Uzbekistan,2022,193073,UZ,Central Asia
32144,3323,263,Venezuela,2015,0,VE,South America
32144,3323,263,Venezuela,2016,68820,VE,South America
32144,3323,263,Venezuela,2017,0,VE,South America
32144,3323,263,Venezuela,2018,82826,VE,South America
32144,3323,263,Venezuela,2019,79479,VE,South America
32144,3323,263,Venezuela,2020,6797,VE,South America
32144,3323,263,Venezuela,2021,266595,VE,South America
32144,3323,263,Venezuela,2022,0,VE,South America
65195,3428,270,Zambia,2015,0,ZA,Africa
65195,3428,270,Zambia,2016,0,ZA,Africa
65195,3428,270,Zambia,2017,0,ZA,Africa
65195,3428,270,Zambia,2018,0,ZA,Africa
65195,3428,270,Zambia,2019,1308,ZA,Africa
65195,3428,270,Zambia,2020,0,ZA,Africa
65195,3428,270,Zambia,2021,0,ZA,Africa
65195,3428,270,Zambia,2022,0,ZA,Africa
33083,3441,271,Zimbabwe,2015,0,ZI,Africa
33083,3441,271,Zimbabwe,2016,0,ZI,Africa
33083,3441,271,Zimbabwe,2017,0,ZI,Africa
33083,3441,271,Zimbabwe,2018,0,ZI,Africa
33083,3441,271,Zimbabwe,2019,914,ZI,Africa
33083,3441,271,Zimbabwe,2020,5,ZI,Africa
33083,3441,271,Zimbabwe,2021,20,ZI,Africa
33083,3441,271,Zimbabwe,2022,0,ZI,Africa
